{
    "swagger": "2.0",
    "info": {
        "contact": {},
        "license": {}
    },
    "paths": {
        "/login": {
            "post": {
                "description": "login",
                "consumes": [
                    "application/json"
                ],
                "produces": [
                    "application/json"
                ],
                "tags": [
                    "user"
                ],
                "summary": "登录",
                "parameters": [
                    {
                        "type": "string",
                        "description": "username",
                        "name": "username",
                        "in": "path",
                        "required": true
                    },
                    {
                        "type": "string",
                        "description": "passwd",
                        "name": "passwd",
                        "in": "path",
                        "required": true
                    }
                ],
                "responses": {
                    "200": {
                        "description": "ok",
                        "schema": {
                            "type": "string"
                        }
                    }
                }
            }
        }
    }
}